{"cameraMode":{"drawMode":0,"name":"Shaded","section":"Shading Mode"},"sceneLighting":true,"audioPlay":false,"sceneViewState":{"showFog":true,"showMaterialUpdate":false,"showSkybox":true,"showFlares":true,"showImageEffects":true,"showParticleSystems":true},"in2DMode":false,"pivot":{"x":1.0441237688064576,"y":0.16909931600093842,"z":-0.1401561200618744},"rotation":{"x":-0.2839334011077881,"y":0.05088283121585846,"z":-0.015089238062500954,"w":-0.957381010055542},"size":4.377155303955078,"orthographic":false}