{"cameraMode":{"drawMode":0,"name":"Shaded","section":"Shading Mode"},"sceneLighting":true,"audioPlay":false,"sceneViewState":{"showFog":true,"showMaterialUpdate":false,"showSkybox":true,"showFlares":true,"showImageEffects":true,"showParticleSystems":true},"in2DMode":false,"pivot":{"x":1.0441237688064576,"y":0.16909931600093842,"z":-0.1401561200618744},"rotation":{"x":-0.2507891058921814,"y":0.6103397011756897,"z":-0.21232248842716218,"w":-0.7207996249198914},"size":8.808679580688477,"orthographic":false}